name,star,img,link
라마다 앙코르 바이 윈덤 부산역,8.4,https://search.pstatic.net/common/?src=https://media.datahc.com/HI761531350.jpg&type=f320_240_hotel,https://hotels.naver.com/item?hotelFileName=hotel%3ARamada_Encore_by_Wyndham_Busan_Station&adultCnt=2&checkIn=2023-08-01&checkOut=2023-08-02&includeTax=true
티티호텔,8.5,https://search.pstatic.net/common/?src=https://media.datahc.com/HI577468369.jpg&type=f320_240_hotel,https://hotels.naver.com/item?hotelFileName=hotel%3AHotel_tt_Busan&adultCnt=2&checkIn=2023-08-01&checkOut=2023-08-02&includeTax=true
부산 비즈니스 호텔,8.6,https://search.pstatic.net/common/?src=https://media.datahc.com/HI379925856.jpg&type=f320_240_hotel,https://hotels.naver.com/item?hotelFileName=hotel%3ABusan_Business_Hotel&adultCnt=2&checkIn=2023-08-01&checkOut=2023-08-02&includeTax=true
아난티 힐튼 부산,8.6,https://search.pstatic.net/common/?src=https://media.datahc.com/HI568032102.jpg&type=f320_240_hotel,https://hotels.naver.com/item?hotelFileName=hotel%3AAnanti_Hilton_Busan&adultCnt=2&checkIn=2023-08-01&checkOut=2023-08-02&includeTax=true
그랩 디 오션 송도,8.2,https://search.pstatic.net/common/?src=https://media.datahc.com/HI799497962.jpg&type=f320_240_hotel,https://hotels.naver.com/item?hotelFileName=hotel%3AGrab_The_Ocean_Songdo&adultCnt=2&checkIn=2023-08-01&checkOut=2023-08-02&includeTax=true
페어필드 바이 메리어트 부산,8.1,https://search.pstatic.net/common/?src=https://media.datahc.com/HI563760476.jpg&type=f320_240_hotel,https://hotels.naver.com/item?hotelFileName=hotel%3AFairfield_by_Marriott_Busan&adultCnt=2&checkIn=2023-08-01&checkOut=2023-08-02&includeTax=true
펠릭스 호텔 바이 STX,8.3,https://search.pstatic.net/common/?src=https://media.datahc.com/HI606387473.jpg&type=f320_240_hotel,https://hotels.naver.com/item?hotelFileName=hotel%3AFelix_Hotel_by_STX&adultCnt=2&checkIn=2023-08-01&checkOut=2023-08-02&includeTax=true
해운대 썬클라우드호텔,7.7,https://search.pstatic.net/common/?src=https://media.datahc.com/HI779791462.jpg&type=f320_240_hotel,https://hotels.naver.com/item?hotelFileName=hotel%3AHaeundae_Suncloud_Hotel&adultCnt=2&checkIn=2023-08-01&checkOut=2023-08-02&includeTax=true
켄트호텔 광안리 by 켄싱턴,8.0,https://search.pstatic.net/common/?src=https://media.datahc.com/HI608725616.jpg&type=f320_240_hotel,https://hotels.naver.com/item?hotelFileName=hotel%3AKent_Hotel_Gwangalli_by_Kensington&adultCnt=2&checkIn=2023-08-01&checkOut=2023-08-02&includeTax=true
솔라리아 니시테츠 호텔 부산,8.6,https://search.pstatic.net/common/?src=https://media.datahc.com/HI378222514.jpg&type=f320_240_hotel,https://hotels.naver.com/item?hotelFileName=hotel%3ASolaria_Nishitetsu_Hotel_Busan&adultCnt=2&checkIn=2023-08-01&checkOut=2023-08-02&includeTax=true
코모도 호텔,8.1,https://search.pstatic.net/common/?src=https://media.datahc.com/HI718414106.jpg&type=f320_240_hotel,https://hotels.naver.com/item?hotelFileName=hotel%3AHotel_Commodore_Busan&adultCnt=2&checkIn=2023-08-01&checkOut=2023-08-02&includeTax=true
농심 호텔,8.4,https://search.pstatic.net/common/?src=https://media.datahc.com/HI595199409.jpg&type=f320_240_hotel,https://hotels.naver.com/item?hotelFileName=hotel%3AHotel_Nongshim&adultCnt=2&checkIn=2023-08-01&checkOut=2023-08-02&includeTax=true
부산 시티 호텔,8.8,https://search.pstatic.net/common/?src=https://media.datahc.com/HI736587443.jpg&type=f320_240_hotel,https://hotels.naver.com/item?hotelFileName=hotel%3ABusan_City_Hotel&adultCnt=2&checkIn=2023-08-01&checkOut=2023-08-02&includeTax=true
코오롱 씨클라우드 호텔,6.8,https://search.pstatic.net/common/?src=https://media.datahc.com/HI798149107.jpg&type=f320_240_hotel,https://hotels.naver.com/item?hotelFileName=hotel%3AKolon_Seacloud_Hotel&adultCnt=2&checkIn=2023-08-01&checkOut=2023-08-02&includeTax=true
해운대 센텀 호텔,8.0,https://search.pstatic.net/common/?src=https://media.datahc.com/HI587509078.jpg&type=f320_240_hotel,https://hotels.naver.com/item?hotelFileName=hotel%3AHaeundae_Centum_Hotel&adultCnt=2&checkIn=2023-08-01&checkOut=2023-08-02&includeTax=true
파크 하얏트 부산,8.9,https://search.pstatic.net/common/?src=https://media.datahc.com/HI312756074.jpg&type=f320_240_hotel,https://hotels.naver.com/item?hotelFileName=hotel%3APark_Hyatt_Busan&adultCnt=2&checkIn=2023-08-01&checkOut=2023-08-02&includeTax=true
레이어스 호텔 부산 하단,8.4,https://search.pstatic.net/common/?src=https://media.datahc.com/HI787906601.jpg&type=f320_240_hotel,https://hotels.naver.com/item?hotelFileName=hotel%3ABusan_Layers_Hotel&adultCnt=2&checkIn=2023-08-01&checkOut=2023-08-02&includeTax=true
해운대 씨클라우드 호텔 레지던스,7.2,https://search.pstatic.net/common/?src=https://media.datahc.com/HI776964103.jpg&type=f320_240_hotel,https://hotels.naver.com/item?hotelFileName=hotel%3AHaeundae_Seacloud_Hotel_Residence&adultCnt=2&checkIn=2023-08-01&checkOut=2023-08-02&includeTax=true
호텔아델라,8.5,https://search.pstatic.net/common/?src=https://media.datahc.com/HI804170960.jpg&type=f320_240_hotel,https://hotels.naver.com/item?hotelFileName=hotel%3AHotel_Adela&adultCnt=2&checkIn=2023-08-01&checkOut=2023-08-02&includeTax=true
베니키아 프리미어 호텔 해운대,7.8,https://search.pstatic.net/common/?src=https://media.datahc.com/HI557247152.jpg&type=f320_240_hotel,https://hotels.naver.com/item?hotelFileName=hotel%3ABenikea_Hotel_Haeundae&adultCnt=2&checkIn=2023-08-01&checkOut=2023-08-02&includeTax=true
일루아 호텔,8.5,https://search.pstatic.net/common/?src=https://media.datahc.com/HI738936594.jpg&type=f320_240_hotel,https://hotels.naver.com/item?hotelFileName=hotel%3AHotel_Illua&adultCnt=2&checkIn=2023-08-01&checkOut=2023-08-02&includeTax=true
이비스 앰배서더 부산 해운대,7.8,https://search.pstatic.net/common/?src=https://media.datahc.com/HI511739476.jpg&type=f320_240_hotel,https://hotels.naver.com/item?hotelFileName=hotel%3AIbis_Ambassador_Busan_Haeundae&adultCnt=2&checkIn=2023-08-01&checkOut=2023-08-02&includeTax=true
하운드호텔 해운대 시그니처,8.7,https://search.pstatic.net/common/?src=https://media.datahc.com/HI695333006.jpg&type=f320_240_hotel,https://hotels.naver.com/item?hotelFileName=hotel%3AHound_Hotel_Signature_Haeundae&adultCnt=2&checkIn=2023-08-01&checkOut=2023-08-02&includeTax=true
호텔 케니 기장,7.9,https://search.pstatic.net/common/?src=https://media.datahc.com/HI731347405.jpg&type=f320_240_hotel,https://hotels.naver.com/item?hotelFileName=hotel%3AHotel_Kenny_Gijang&adultCnt=2&checkIn=2023-08-01&checkOut=2023-08-02&includeTax=true
호텔 라온,8.6,https://search.pstatic.net/common/?src=https://media.datahc.com/HI587970296.jpg&type=f320_240_hotel,https://hotels.naver.com/item?hotelFileName=hotel%3AHotel_Laon&adultCnt=2&checkIn=2023-08-01&checkOut=2023-08-02&includeTax=true
오션 더 포인트 호텔,8.0,https://search.pstatic.net/common/?src=https://media.datahc.com/HI742534317.jpg&type=f320_240_hotel,https://hotels.naver.com/item?hotelFileName=hotel%3AOcean_The_Point_Hotel&adultCnt=2&checkIn=2023-08-01&checkOut=2023-08-02&includeTax=true
지엔비 호텔,8.4,https://search.pstatic.net/common/?src=https://media.datahc.com/HI319808967.jpg&type=f320_240_hotel,https://hotels.naver.com/item?hotelFileName=hotel%3AGNB_Hotel&adultCnt=2&checkIn=2023-08-01&checkOut=2023-08-02&includeTax=true
이비스 앰배서더 부산시티센터,8.1,https://search.pstatic.net/common/?src=https://media.datahc.com/HI367051779.jpg&type=f320_240_hotel,https://hotels.naver.com/item?hotelFileName=hotel%3AIbis_Ambassador_Busan_City_Centre&adultCnt=2&checkIn=2023-08-01&checkOut=2023-08-02&includeTax=true
해운대센트럴호텔,7.9,https://search.pstatic.net/common/?src=https://media.datahc.com/HI708457254.jpg&type=f320_240_hotel,https://hotels.naver.com/item?hotelFileName=hotel%3AHaeundae_Central_Hotel&adultCnt=2&checkIn=2023-08-01&checkOut=2023-08-02&includeTax=true
리베로 호텔,7.8,https://search.pstatic.net/common/?src=https://media.datahc.com/HI276745133.jpg&type=f320_240_hotel,https://hotels.naver.com/item?hotelFileName=hotel%3ALibero_Hotel_Haeundae&adultCnt=2&checkIn=2023-08-01&checkOut=2023-08-02&includeTax=true
베스트루이스해밀턴호텔 오션테라스,8.3,https://search.pstatic.net/common/?src=https://media.datahc.com/HI742534289.jpg&type=f320_240_hotel,https://hotels.naver.com/item?hotelFileName=hotel%3ABest_Louis_Hamilton_Hotel_Ocean_Terrace&adultCnt=2&checkIn=2023-08-01&checkOut=2023-08-02&includeTax=true
노스하버호텔,-1.0,https://search.pstatic.net/common/?src=https://media.datahc.com/HI805545401.jpg&type=f320_240_hotel,https://hotels.naver.com/item?hotelFileName=hotel%3ANorthharbor_Hotel&adultCnt=2&checkIn=2023-08-01&checkOut=2023-08-02&includeTax=true
베스트 루이스 해밀턴 해운대,8.4,https://search.pstatic.net/common/?src=https://media.datahc.com/HI604317325.jpg&type=f320_240_hotel,https://hotels.naver.com/item?hotelFileName=hotel%3ABest_Louis_Hamilton_Haeundae&adultCnt=2&checkIn=2023-08-01&checkOut=2023-08-02&includeTax=true
페어필드 바이 메리어트 부산 송도 비치,8.6,https://search.pstatic.net/common/?src=https://media.datahc.com/HI602843587.jpg&type=f320_240_hotel,https://hotels.naver.com/item?hotelFileName=hotel%3AFairfield_by_Marriott_Busan_Songdo_Beach&adultCnt=2&checkIn=2023-08-01&checkOut=2023-08-02&includeTax=true
하운드 호텔 부산역,8.7,https://search.pstatic.net/common/?src=https://media.datahc.com/HI804754598.jpg&type=f320_240_hotel,https://hotels.naver.com/item?hotelFileName=hotel%3AHound_Hotel_Busan_Station&adultCnt=2&checkIn=2023-08-01&checkOut=2023-08-02&includeTax=true
스탠포드 호텔 부산,8.8,https://search.pstatic.net/common/?src=https://media.datahc.com/HI587509470.jpg&type=f320_240_hotel,https://hotels.naver.com/item?hotelFileName=hotel%3AStanford_Hotel_Busan&adultCnt=2&checkIn=2023-08-01&checkOut=2023-08-02&includeTax=true
서면 덴바스타 센트럴 호텔,-1.0,https://search.pstatic.net/common/?src=https://media.datahc.com/HI800953198.jpg&type=f320_240_hotel,https://hotels.naver.com/item?hotelFileName=hotel%3ADen_Basta_Central_Hotel&adultCnt=2&checkIn=2023-08-01&checkOut=2023-08-02&includeTax=true
사우스반데코호텔,7.6,https://search.pstatic.net/common/?src=https://media.datahc.com/HI802810931.jpg&type=f320_240_hotel,https://hotels.naver.com/item?hotelFileName=hotel%3ASouth_Vandeco_Hotel&adultCnt=2&checkIn=2023-08-01&checkOut=2023-08-02&includeTax=true
센텀 스위트 호텔,8.3,https://search.pstatic.net/common/?src=https://media.datahc.com/HI780209485.jpg&type=f320_240_hotel,https://hotels.naver.com/item?hotelFileName=hotel%3ACentum_Suite_Hotel&adultCnt=2&checkIn=2023-08-01&checkOut=2023-08-02&includeTax=true
호텔 아쿠아펠리스,7.0,https://search.pstatic.net/common/?src=https://media.datahc.com/HI711498526.jpg&type=f320_240_hotel,https://hotels.naver.com/item?hotelFileName=hotel%3AHotel_Aqua_Palace&adultCnt=2&checkIn=2023-08-01&checkOut=2023-08-02&includeTax=true
부산역 시티호텔,8.9,https://search.pstatic.net/common/?src=https://media.datahc.com/HI738365145.jpg&type=f320_240_hotel,https://hotels.naver.com/item?hotelFileName=hotel%3ABusan_Station_City_Hotel&adultCnt=2&checkIn=2023-08-01&checkOut=2023-08-02&includeTax=true
호텔포레 더 스파,8.6,https://search.pstatic.net/common/?src=https://media.datahc.com/HI764300378.jpg&type=f320_240_hotel,https://hotels.naver.com/item?hotelFileName=hotel%3AHotel_Foret_The_Spa&adultCnt=2&checkIn=2023-08-01&checkOut=2023-08-02&includeTax=true
호텔포레 프리미어 남포점,8.6,https://search.pstatic.net/common/?src=https://media.datahc.com/HI548286447.jpg&type=f320_240_hotel,https://hotels.naver.com/item?hotelFileName=hotel%3AHotel_Foret_Premier_Nampo&adultCnt=2&checkIn=2023-08-01&checkOut=2023-08-02&includeTax=true
브라운도트 호텔 기장 연화리점,9.1,https://search.pstatic.net/common/?src=https://media.datahc.com/HI598060699.jpg&type=f320_240_hotel,https://hotels.naver.com/item?hotelFileName=hotel%3ABrown_Dot_Gijang_Yeonhwari&adultCnt=2&checkIn=2023-08-01&checkOut=2023-08-02&includeTax=true
베이몬드 호텔 해운대,8.7,https://search.pstatic.net/common/?src=https://media.datahc.com/HI549909665.jpg&type=f320_240_hotel,https://hotels.naver.com/item?hotelFileName=hotel%3ABaymond_Hotel&adultCnt=2&checkIn=2023-08-01&checkOut=2023-08-02&includeTax=true
선셋 비즈니스 호텔,7.9,https://search.pstatic.net/common/?src=https://media.datahc.com/HI544739577.jpg&type=f320_240_hotel,https://hotels.naver.com/item?hotelFileName=hotel%3ASunset_Business_Hotel&adultCnt=2&checkIn=2023-08-01&checkOut=2023-08-02&includeTax=true
해운대 블루스토리 호텔,8.0,https://search.pstatic.net/common/?src=https://media.datahc.com/HI786902815.jpg&type=f320_240_hotel,https://hotels.naver.com/item?hotelFileName=hotel%3AHaeundae_Blue_Story&adultCnt=2&checkIn=2023-08-01&checkOut=2023-08-02&includeTax=true
아르반 시티 호텔,8.6,https://search.pstatic.net/common/?src=https://media.datahc.com/HI506844291.jpg&type=f320_240_hotel,https://hotels.naver.com/item?hotelFileName=hotel%3AArban_City_Hotel&adultCnt=2&checkIn=2023-08-01&checkOut=2023-08-02&includeTax=true
에이치에비뉴 호텔 광안리 해변점,8.5,https://search.pstatic.net/common/?src=https://media.datahc.com/HI586455632.jpg&type=f320_240_hotel,https://hotels.naver.com/item?hotelFileName=hotel%3AH_Avenue_Gwangan_Beach&adultCnt=2&checkIn=2023-08-01&checkOut=2023-08-02&includeTax=true
비센트호텔,7.9,https://search.pstatic.net/common/?src=https://media.datahc.com/HI402156204.jpg&type=f320_240_hotel,https://hotels.naver.com/item?hotelFileName=hotel%3AHotel_B_cent&adultCnt=2&checkIn=2023-08-01&checkOut=2023-08-02&includeTax=true
브라운도트 호텔 시그니처 만덕점,8.9,https://search.pstatic.net/common/?src=https://media.datahc.com/HI629869756.jpg&type=f320_240_hotel,https://hotels.naver.com/item?hotelFileName=hotel%3ABrown_Dot_Hotel_Signature_Mandeok&adultCnt=2&checkIn=2023-08-01&checkOut=2023-08-02&includeTax=true
브라운도트호텔 송정점,7.5,https://search.pstatic.net/common/?src=https://media.datahc.com/HI795325076.jpg&type=f320_240_hotel,https://hotels.naver.com/item?hotelFileName=hotel%3ABrown_Dot_Songjeong&adultCnt=2&checkIn=2023-08-01&checkOut=2023-08-02&includeTax=true
베스트루이스해밀턴호텔 기장점,7.3,https://search.pstatic.net/common/?src=https://media.datahc.com/HI709131342.jpg&type=f320_240_hotel,https://hotels.naver.com/item?hotelFileName=hotel%3ABest_Louis_Hamilton_Hotel_Gijang&adultCnt=2&checkIn=2023-08-01&checkOut=2023-08-02&includeTax=true
송정 호텔,8.0,https://search.pstatic.net/common/?src=https://media.datahc.com/HI755212418.jpg&type=f320_240_hotel,https://hotels.naver.com/item?hotelFileName=hotel%3ASongjung_Hotel&adultCnt=2&checkIn=2023-08-01&checkOut=2023-08-02&includeTax=true
브라운도트호텔 초읍점,6.4,https://search.pstatic.net/common/?src=https://media.datahc.com/HI795323554.jpg&type=f320_240_hotel,https://hotels.naver.com/item?hotelFileName=hotel%3ABrown_Dot_Choup&adultCnt=2&checkIn=2023-08-01&checkOut=2023-08-02&includeTax=true
팔레드 시즈 콘도,8.3,https://search.pstatic.net/common/?src=https://media.datahc.com/HI779246039.jpg&type=f320_240_hotel,https://hotels.naver.com/item?hotelFileName=hotel%3APale_de_Cz_Condo&adultCnt=2&checkIn=2023-08-01&checkOut=2023-08-02&includeTax=true
하운드 가든&테라스 호텔,8.4,https://search.pstatic.net/common/?src=https://media.datahc.com/HI770019300.jpg&type=f320_240_hotel,https://hotels.naver.com/item?hotelFileName=hotel%3AHound_Garden_Terrace_Hotel&adultCnt=2&checkIn=2023-08-01&checkOut=2023-08-02&includeTax=true
베이하운드호텔,8.0,https://search.pstatic.net/common/?src=https://media.datahc.com/HI595184835.jpg&type=f320_240_hotel,https://hotels.naver.com/item?hotelFileName=hotel%3ABay_Hound_Hotel&adultCnt=2&checkIn=2023-08-01&checkOut=2023-08-02&includeTax=true
커넥트부산호텔,8.1,https://vertical.pstatic.net/vertical/static/hotel/common/blank.png,https://hotels.naver.com/item?hotelFileName=hotel%3AConnect_Busan_Hotel_Residence&adultCnt=2&checkIn=2023-08-01&checkOut=2023-08-02&includeTax=true
그랜드베른호텔,-1.0,https://search.pstatic.net/common/?src=https://media.datahc.com/HI802217538.jpg&type=f320_240_hotel,https://hotels.naver.com/item?hotelFileName=hotel%3AGrand_Bern_Hotel&adultCnt=2&checkIn=2023-08-01&checkOut=2023-08-02&includeTax=true
브라운도트호텔 기장역점,-1.0,https://search.pstatic.net/common/?src=https://media.datahc.com/HI800813268.jpg&type=f320_240_hotel,https://hotels.naver.com/item?hotelFileName=hotel%3ABrown_Dot_Hotel_Gijang_Station&adultCnt=2&checkIn=2023-08-01&checkOut=2023-08-02&includeTax=true
광수호텔,8.3,https://search.pstatic.net/common/?src=https://media.datahc.com/HI790806450.jpg&type=f320_240_hotel,https://hotels.naver.com/item?hotelFileName=hotel%3AKwangsu_Hotel&adultCnt=2&checkIn=2023-08-01&checkOut=2023-08-02&includeTax=true
더클럽호텔 기장연화리점,8.8,https://search.pstatic.net/common/?src=https://media.datahc.com/HI770791885.jpg&type=f320_240_hotel,https://hotels.naver.com/item?hotelFileName=hotel%3AThe_Club_Hotel_Gigang_Yeonhwari&adultCnt=2&checkIn=2023-08-01&checkOut=2023-08-02&includeTax=true
아크 블루 호텔 부산,8.8,https://search.pstatic.net/common/?src=https://media.datahc.com/HI506844678.jpg&type=f320_240_hotel,https://hotels.naver.com/item?hotelFileName=hotel%3AArk_Blue_Hotel_Busan&adultCnt=2&checkIn=2023-08-01&checkOut=2023-08-02&includeTax=true
코티스 앰배서더 호텔,-1.0,https://search.pstatic.net/common/?src=https://media.datahc.com/HI805696484.jpg&type=f320_240_hotel,https://hotels.naver.com/item?hotelFileName=hotel%3ACOTICE_Ambassador_Hotel&adultCnt=2&checkIn=2023-08-01&checkOut=2023-08-02&includeTax=true
시애틀비 호텔,8.6,https://search.pstatic.net/common/?src=https://media.datahc.com/HI592534876.jpg&type=f320_240_hotel,https://hotels.naver.com/item?hotelFileName=hotel%3ASeattleB_Hotel&adultCnt=2&checkIn=2023-08-01&checkOut=2023-08-02&includeTax=true
이비스 버젯 앰배서더 부산 해운대,8.2,https://search.pstatic.net/common/?src=https://media.datahc.com/HI330508321.jpg&type=f320_240_hotel,https://hotels.naver.com/item?hotelFileName=hotel%3AIbis_Budget_Ambassador_Busan_Haeundae&adultCnt=2&checkIn=2023-08-01&checkOut=2023-08-02&includeTax=true
브라운도트 비지니스호텔 서면롯데점,8.8,https://search.pstatic.net/common/?src=https://media.datahc.com/HI551117313.jpg&type=f320_240_hotel,https://hotels.naver.com/item?hotelFileName=hotel%3ABrown_Dot_Business_Seomyeon&adultCnt=2&checkIn=2023-08-01&checkOut=2023-08-02&includeTax=true
동래 덴바스타호텔,-1.0,https://search.pstatic.net/common/?src=https://media.datahc.com/HI786432772.jpg&type=f320_240_hotel,https://hotels.naver.com/item?hotelFileName=hotel%3ADongrae_Denbasta_Hotel&adultCnt=2&checkIn=2023-08-01&checkOut=2023-08-02&includeTax=true
하운드 호텔 프리미어 남포,8.8,https://search.pstatic.net/common/?src=https://media.datahc.com/HI514999735.jpg&type=f320_240_hotel,https://hotels.naver.com/item?hotelFileName=hotel%3AHound_Hotel_Premier_Nampo&adultCnt=2&checkIn=2023-08-01&checkOut=2023-08-02&includeTax=true
오션투헤븐 호텔,8.9,https://search.pstatic.net/common/?src=https://media.datahc.com/HI748644931.jpg&type=f320_240_hotel,https://hotels.naver.com/item?hotelFileName=hotel%3ANampo_Ocean_2_Heaven&adultCnt=2&checkIn=2023-08-01&checkOut=2023-08-02&includeTax=true
그리핀베이 호텔,8.6,https://search.pstatic.net/common/?src=https://media.datahc.com/HI748644892.jpg&type=f320_240_hotel,https://hotels.naver.com/item?hotelFileName=hotel%3AGriffinbay&adultCnt=2&checkIn=2023-08-01&checkOut=2023-08-02&includeTax=true
AG405 호텔,8.8,https://search.pstatic.net/common/?src=https://media.datahc.com/HI700698369.jpg&type=f320_240_hotel,https://hotels.naver.com/item?hotelFileName=hotel%3AAG405_Hotel&adultCnt=2&checkIn=2023-08-01&checkOut=2023-08-02&includeTax=true
에어텔 부산,3.0,https://search.pstatic.net/common/?src=https://media.datahc.com/HI788321742.jpg&type=f320_240_hotel,https://hotels.naver.com/item?hotelFileName=hotel%3AAirtel_Busan&adultCnt=2&checkIn=2023-08-01&checkOut=2023-08-02&includeTax=true
경성여관,9.0,https://search.pstatic.net/common/?src=https://media.datahc.com/HI757794196.jpg&type=f320_240_hotel,https://hotels.naver.com/item?hotelFileName=hotel%3AHotel_Kyungsung&adultCnt=2&checkIn=2023-08-01&checkOut=2023-08-02&includeTax=true
브라운 도트 부산역 스카이 가든,8.5,https://search.pstatic.net/common/?src=https://media.datahc.com/HI500283674.jpg&type=f320_240_hotel,https://hotels.naver.com/item?hotelFileName=hotel%3ABrown_Dot_Busan_Station_Sky_Garden&adultCnt=2&checkIn=2023-08-01&checkOut=2023-08-02&includeTax=true
베스트루이스해밀턴호텔 광안점,7.5,https://search.pstatic.net/common/?src=https://media.datahc.com/HI794100456.jpg&type=f320_240_hotel,https://hotels.naver.com/item?hotelFileName=hotel%3ABest_Louis_Hamilton_Hotel_Gwangan&adultCnt=2&checkIn=2023-08-01&checkOut=2023-08-02&includeTax=true
센텀빅토리아호텔,7.5,https://search.pstatic.net/common/?src=https://media.datahc.com/HI787849888.jpg&type=f320_240_hotel,https://hotels.naver.com/item?hotelFileName=hotel%3AHotel_Centum_Victoria_Busan&adultCnt=2&checkIn=2023-08-01&checkOut=2023-08-02&includeTax=true
호텔 런더너 광안점,7.5,https://search.pstatic.net/common/?src=https://media.datahc.com/HI774590745.jpg&type=f320_240_hotel,https://hotels.naver.com/item?hotelFileName=hotel%3ALondoner_Hotel_Gwangan&adultCnt=2&checkIn=2023-08-01&checkOut=2023-08-02&includeTax=true
마리안느 호텔,7.1,https://search.pstatic.net/common/?src=https://media.datahc.com/HI556321028.jpg&type=f320_240_hotel,https://hotels.naver.com/item?hotelFileName=hotel%3AMarianne_Hotel_Busan&adultCnt=2&checkIn=2023-08-01&checkOut=2023-08-02&includeTax=true
송정올라호텔,7.7,https://search.pstatic.net/common/?src=https://media.datahc.com/HI520294608.jpg&type=f320_240_hotel,https://hotels.naver.com/item?hotelFileName=hotel%3ACarib_Hotel_Songjeong&adultCnt=2&checkIn=2023-08-01&checkOut=2023-08-02&includeTax=true
엘시티 레지던스,9.1,https://search.pstatic.net/common/?src=https://media.datahc.com/HI801047970.jpg&type=f320_240_hotel,https://hotels.naver.com/item?hotelFileName=hotel%3ALCT_Residence&adultCnt=2&checkIn=2023-08-01&checkOut=2023-08-02&includeTax=true
아르반 호텔,9.0,https://search.pstatic.net/common/?src=https://media.datahc.com/HI588206361.jpg&type=f320_240_hotel,https://hotels.naver.com/item?hotelFileName=hotel%3AArban_Hotel&adultCnt=2&checkIn=2023-08-01&checkOut=2023-08-02&includeTax=true
부산 아벤트리 호텔,8.7,https://search.pstatic.net/common/?src=https://media.datahc.com/HI232247697.jpg&type=f320_240_hotel,https://hotels.naver.com/item?hotelFileName=hotel%3AAventree_Hotel_Busan&adultCnt=2&checkIn=2023-08-01&checkOut=2023-08-02&includeTax=true
부산 관광호텔,7.4,https://search.pstatic.net/common/?src=https://media.datahc.com/HI521014964.jpg&type=f320_240_hotel,https://hotels.naver.com/item?hotelFileName=hotel%3ABusan_Tourist_Hotel&adultCnt=2&checkIn=2023-08-01&checkOut=2023-08-02&includeTax=true
에어포트 호텔,7.7,https://search.pstatic.net/common/?src=https://media.datahc.com/HI358247686.jpg&type=f320_240_hotel,https://hotels.naver.com/item?hotelFileName=hotel%3AHotel_Airport_Busan&adultCnt=2&checkIn=2023-08-01&checkOut=2023-08-02&includeTax=true
하운드 호텔 서면,7.6,https://search.pstatic.net/common/?src=https://media.datahc.com/HI595006544.jpg&type=f320_240_hotel,https://hotels.naver.com/item?hotelFileName=hotel%3AHound_Hotel_Seomyeon&adultCnt=2&checkIn=2023-08-01&checkOut=2023-08-02&includeTax=true
부산 비치 관광호텔,7.9,https://search.pstatic.net/common/?src=https://media.datahc.com/HI368783014.jpg&type=f320_240_hotel,https://hotels.naver.com/item?hotelFileName=hotel%3ABusan_Beach_Hotel&adultCnt=2&checkIn=2023-08-01&checkOut=2023-08-02&includeTax=true
에이치에비뉴 호텔 광안리,7.6,https://search.pstatic.net/common/?src=https://media.datahc.com/HI592529584.jpg&type=f320_240_hotel,https://hotels.naver.com/item?hotelFileName=hotel%3AH_Avenue_Hotel_Gwangalli&adultCnt=2&checkIn=2023-08-01&checkOut=2023-08-02&includeTax=true
브라운도트 송도해수욕장점,6.9,https://search.pstatic.net/common/?src=https://media.datahc.com/HI532825928.jpg&type=f320_240_hotel,https://hotels.naver.com/item?hotelFileName=hotel%3ABrown_Dot_Songdo_Beach&adultCnt=2&checkIn=2023-08-01&checkOut=2023-08-02&includeTax=true
엠에스 호텔,8.1,https://search.pstatic.net/common/?src=https://media.datahc.com/HI710736930.jpg&type=f320_240_hotel,https://hotels.naver.com/item?hotelFileName=hotel%3AMS_Hotel_Busan&adultCnt=2&checkIn=2023-08-01&checkOut=2023-08-02&includeTax=true
아몬드 호텔,8.6,https://search.pstatic.net/common/?src=https://media.datahc.com/HI229002975.jpg&type=f320_240_hotel,https://hotels.naver.com/item?hotelFileName=hotel%3AHotel_Almond_Busan_Station&adultCnt=2&checkIn=2023-08-01&checkOut=2023-08-02&includeTax=true
더뮤즈호텔,9.3,https://search.pstatic.net/common/?src=https://media.datahc.com/HI736215137.jpg&type=f320_240_hotel,https://hotels.naver.com/item?hotelFileName=hotel%3AThe_Muse_Hotel_Residence&adultCnt=2&checkIn=2023-08-01&checkOut=2023-08-02&includeTax=true
하운드 호텔 남포,8.5,https://search.pstatic.net/common/?src=https://media.datahc.com/HI704982121.jpg&type=f320_240_hotel,https://hotels.naver.com/item?hotelFileName=hotel%3AHotel_the_Hound&adultCnt=2&checkIn=2023-08-01&checkOut=2023-08-02&includeTax=true
브라운도트 부산진역점,-1.0,https://search.pstatic.net/common/?src=https://media.datahc.com/HI795588383.jpg&type=f320_240_hotel,https://hotels.naver.com/item?hotelFileName=hotel%3ABusanjin_Brown_Dot_Hotel&adultCnt=2&checkIn=2023-08-01&checkOut=2023-08-02&includeTax=true
에어스카이 호텔 부산,8.8,https://search.pstatic.net/common/?src=https://media.datahc.com/HI770262162.jpg&type=f320_240_hotel,https://hotels.naver.com/item?hotelFileName=hotel%3AAir_Sky_Hotel_Busan&adultCnt=2&checkIn=2023-08-01&checkOut=2023-08-02&includeTax=true
초원 호텔,7.7,https://search.pstatic.net/common/?src=https://media.datahc.com/HI533248662.jpg&type=f320_240_hotel,https://hotels.naver.com/item?hotelFileName=hotel%3AHotel_Chowon&adultCnt=2&checkIn=2023-08-01&checkOut=2023-08-02&includeTax=true
브라운도트 호텔 정관점,9.6,https://search.pstatic.net/common/?src=https://media.datahc.com/HI777639249.jpg&type=f320_240_hotel,https://hotels.naver.com/item?hotelFileName=hotel%3ABrown_Dot_Jeonggwan&adultCnt=2&checkIn=2023-08-01&checkOut=2023-08-02&includeTax=true
이데아 호텔 부산역,6.9,https://search.pstatic.net/common/?src=https://media.datahc.com/HI570574646.jpg&type=f320_240_hotel,https://hotels.naver.com/item?hotelFileName=hotel%3ALe_Idea_Hotel_Busan_Station&adultCnt=2&checkIn=2023-08-01&checkOut=2023-08-02&includeTax=true
부산 마론 호텔 남포,7.3,https://search.pstatic.net/common/?src=https://media.datahc.com/HI800951714.jpg&type=f320_240_hotel,https://hotels.naver.com/item?hotelFileName=hotel%3ABusan_Maron_Hotel&adultCnt=2&checkIn=2023-08-01&checkOut=2023-08-02&includeTax=true
브라운도트호텔 구포점,7.7,https://search.pstatic.net/common/?src=https://media.datahc.com/HI782655304.jpg&type=f320_240_hotel,https://hotels.naver.com/item?hotelFileName=hotel%3ABrown_Dot_Hotel_Gupo&adultCnt=2&checkIn=2023-08-01&checkOut=2023-08-02&includeTax=true
파라곤 호텔,7.4,https://search.pstatic.net/common/?src=https://media.datahc.com/HI612452024.jpg&type=f320_240_hotel,https://hotels.naver.com/item?hotelFileName=hotel%3AHotel_Paragon&adultCnt=2&checkIn=2023-08-01&checkOut=2023-08-02&includeTax=true
헤르몬 호텔,9.1,https://search.pstatic.net/common/?src=https://media.datahc.com/HI770200000.jpg&type=f320_240_hotel,https://hotels.naver.com/item?hotelFileName=hotel%3AHermon_Hotel_Busan&adultCnt=2&checkIn=2023-08-01&checkOut=2023-08-02&includeTax=true
이스턴엠버 호텔,9.0,https://search.pstatic.net/common/?src=https://media.datahc.com/HI695892237.jpg&type=f320_240_hotel,https://hotels.naver.com/item?hotelFileName=hotel%3AEastern_Amber_Hotel&adultCnt=2&checkIn=2023-08-01&checkOut=2023-08-02&includeTax=true
호텔오션뷰,7.9,https://search.pstatic.net/common/?src=https://media.datahc.com/HI788797485.jpg&type=f320_240_hotel,https://hotels.naver.com/item?hotelFileName=hotel%3AHotel_Ocean_View_Busan&adultCnt=2&checkIn=2023-08-01&checkOut=2023-08-02&includeTax=true
브로시스 호텔,8.9,https://search.pstatic.net/common/?src=https://media.datahc.com/HI715841976.jpg&type=f320_240_hotel,https://hotels.naver.com/item?hotelFileName=hotel%3ANampo_Brosis_Hotel&adultCnt=2&checkIn=2023-08-01&checkOut=2023-08-02&includeTax=true
잠101 호텔,8.7,https://search.pstatic.net/common/?src=https://media.datahc.com/HI776632278.jpg&type=f320_240_hotel,https://hotels.naver.com/item?hotelFileName=hotel%3AZam_101&adultCnt=2&checkIn=2023-08-01&checkOut=2023-08-02&includeTax=true
더 비에스 호텔,8.0,https://search.pstatic.net/common/?src=https://media.datahc.com/HI234314229.jpg&type=f320_240_hotel,https://hotels.naver.com/item?hotelFileName=hotel%3AThe_BS_Hotel&adultCnt=2&checkIn=2023-08-01&checkOut=2023-08-02&includeTax=true
선트리 관광호텔,8.1,https://search.pstatic.net/common/?src=https://media.datahc.com/HI607060238.jpg&type=f320_240_hotel,https://hotels.naver.com/item?hotelFileName=hotel%3ASuntree_Hotel&adultCnt=2&checkIn=2023-08-01&checkOut=2023-08-02&includeTax=true
소르젠떼 비지니스 호텔,8.8,https://search.pstatic.net/common/?src=https://media.datahc.com/HI738365335.jpg&type=f320_240_hotel,https://hotels.naver.com/item?hotelFileName=hotel%3ASorgente_Business_Hotel&adultCnt=2&checkIn=2023-08-01&checkOut=2023-08-02&includeTax=true
투헤븐 호텔,7.0,https://search.pstatic.net/common/?src=https://media.datahc.com/HI595186933.jpg&type=f320_240_hotel,https://hotels.naver.com/item?hotelFileName=hotel%3A2_Heaven_Hotel_Gwangalli&adultCnt=2&checkIn=2023-08-01&checkOut=2023-08-02&includeTax=true
브라운도트호텔 서면1호점,8.9,https://search.pstatic.net/common/?src=https://media.datahc.com/HI777517476.jpg&type=f320_240_hotel,https://hotels.naver.com/item?hotelFileName=hotel%3ABrown_Dot_Seomyeon_1&adultCnt=2&checkIn=2023-08-01&checkOut=2023-08-02&includeTax=true
투헤븐 호텔 송도,5.6,https://search.pstatic.net/common/?src=https://media.datahc.com/HI569533032.jpg&type=f320_240_hotel,https://hotels.naver.com/item?hotelFileName=hotel%3AHotel_2_Heaven_Songdo&adultCnt=2&checkIn=2023-08-01&checkOut=2023-08-02&includeTax=true
브라운도트 호텔 신호점,8.9,https://search.pstatic.net/common/?src=https://media.datahc.com/HI795091423.jpg&type=f320_240_hotel,https://hotels.naver.com/item?hotelFileName=hotel%3ASinho_Brown_Dot&adultCnt=2&checkIn=2023-08-01&checkOut=2023-08-02&includeTax=true
넘버25 호텔 대청점,8.4,https://search.pstatic.net/common/?src=https://media.datahc.com/HI598947721.jpg&type=f320_240_hotel,https://hotels.naver.com/item?hotelFileName=hotel%3ANo_25_Signature_Hotel_Daecheong&adultCnt=2&checkIn=2023-08-01&checkOut=2023-08-02&includeTax=true
노엘 비즈니스 호텔,8.3,https://search.pstatic.net/common/?src=https://media.datahc.com/HI317096477.jpg&type=f320_240_hotel,https://hotels.naver.com/item?hotelFileName=hotel%3ANoel_Business_Hotel&adultCnt=2&checkIn=2023-08-01&checkOut=2023-08-02&includeTax=true
우드하우스 호텔,8.9,https://search.pstatic.net/common/?src=https://media.datahc.com/HI743723543.jpg&type=f320_240_hotel,https://hotels.naver.com/item?hotelFileName=hotel%3AWood_House_Hotel&adultCnt=2&checkIn=2023-08-01&checkOut=2023-08-02&includeTax=true
하운드 호텔 송정해수욕장,9.4,https://search.pstatic.net/common/?src=https://media.datahc.com/HI765677762.jpg&type=f320_240_hotel,https://hotels.naver.com/item?hotelFileName=hotel%3AHound_Hotel_Songjeong_Beach&adultCnt=2&checkIn=2023-08-01&checkOut=2023-08-02&includeTax=true
타워힐 호텔,8.5,https://search.pstatic.net/common/?src=https://media.datahc.com/HI571791558.jpg&type=f320_240_hotel,https://hotels.naver.com/item?hotelFileName=hotel%3ATowerhill_Hotel&adultCnt=2&checkIn=2023-08-01&checkOut=2023-08-02&includeTax=true
덴바스타 포레스트호텔,8.9,https://search.pstatic.net/common/?src=https://media.datahc.com/HI779246060.jpg&type=f320_240_hotel,https://hotels.naver.com/item?hotelFileName=hotel%3ADen_Basta_Hotel_Forest&adultCnt=2&checkIn=2023-08-01&checkOut=2023-08-02&includeTax=true
프라임 관광호텔,8.5,https://search.pstatic.net/common/?src=https://media.datahc.com/HI715700448.jpg&type=f320_240_hotel,https://hotels.naver.com/item?hotelFileName=hotel%3APrime_Tourist_Hotel&adultCnt=2&checkIn=2023-08-01&checkOut=2023-08-02&includeTax=true
엔젤 호텔,7.7,https://search.pstatic.net/common/?src=https://media.datahc.com/HI269531295.jpg&type=f320_240_hotel,https://hotels.naver.com/item?hotelFileName=hotel%3AHotel_Angel&adultCnt=2&checkIn=2023-08-01&checkOut=2023-08-02&includeTax=true
브라운도트호텔 양정점,6.4,https://search.pstatic.net/common/?src=https://media.datahc.com/HI792529833.jpg&type=f320_240_hotel,https://hotels.naver.com/item?hotelFileName=hotel%3ABrown_Dot_Hotel_Yangjeong&adultCnt=2&checkIn=2023-08-01&checkOut=2023-08-02&includeTax=true
브라운도트 호텔 서면범천점,8.6,https://search.pstatic.net/common/?src=https://media.datahc.com/HI777490005.jpg&type=f320_240_hotel,https://hotels.naver.com/item?hotelFileName=hotel%3ASeomyeon_Brown_dot_hotel_Gold&adultCnt=2&checkIn=2023-08-01&checkOut=2023-08-02&includeTax=true
브라운도트 호텔 센텀점,6.7,https://search.pstatic.net/common/?src=https://media.datahc.com/HI557657679.jpg&type=f320_240_hotel,https://hotels.naver.com/item?hotelFileName=hotel%3ABrowndot_Hotel_Centum&adultCnt=2&checkIn=2023-08-01&checkOut=2023-08-02&includeTax=true
브라운도트 호텔 사상르네시떼,8.1,https://search.pstatic.net/common/?src=https://media.datahc.com/HI777003914.jpg&type=f320_240_hotel,https://hotels.naver.com/item?hotelFileName=hotel%3ABrowndot_Hotel_Sasang_Renecite&adultCnt=2&checkIn=2023-08-01&checkOut=2023-08-02&includeTax=true
퀸스호텔 부산 서면,8.4,https://search.pstatic.net/common/?src=https://media.datahc.com/HI598947091.jpg&type=f320_240_hotel,https://hotels.naver.com/item?hotelFileName=hotel%3AQueens_Hotel_Busan&adultCnt=2&checkIn=2023-08-01&checkOut=2023-08-02&includeTax=true
부산광안리 오션투헤븐,8.2,https://search.pstatic.net/common/?src=https://media.datahc.com/HI688234185.jpg&type=f320_240_hotel,https://hotels.naver.com/item?hotelFileName=hotel%3AOcean_2_Heaven&adultCnt=2&checkIn=2023-08-01&checkOut=2023-08-02&includeTax=true
TRT HOTEL,6.9,https://search.pstatic.net/common/?src=https://media.datahc.com/HI761530971.jpg&type=f320_240_hotel,https://hotels.naver.com/item?hotelFileName=hotel%3ATRT_Hotel&adultCnt=2&checkIn=2023-08-01&checkOut=2023-08-02&includeTax=true
라메르 호텔,8.1,https://search.pstatic.net/common/?src=https://media.datahc.com/HI598947688.jpg&type=f320_240_hotel,https://hotels.naver.com/item?hotelFileName=hotel%3ALamer_Hotel&adultCnt=2&checkIn=2023-08-01&checkOut=2023-08-02&includeTax=true
JB 디자인 호텔,7.5,https://search.pstatic.net/common/?src=https://media.datahc.com/HI398151009.jpg&type=f320_240_hotel,https://hotels.naver.com/item?hotelFileName=hotel%3AJB_Design_Hotel&adultCnt=2&checkIn=2023-08-01&checkOut=2023-08-02&includeTax=true
광장호텔,7.0,https://search.pstatic.net/common/?src=https://media.datahc.com/HI743751879.jpg&type=f320_240_hotel,https://hotels.naver.com/item?hotelFileName=hotel%3AGwang_Jang_Hotel&adultCnt=2&checkIn=2023-08-01&checkOut=2023-08-02&includeTax=true
덴바스타호텔 화명점,7.4,https://search.pstatic.net/common/?src=https://media.datahc.com/HI778892491.jpg&type=f320_240_hotel,https://hotels.naver.com/item?hotelFileName=hotel%3ADen_Basta_Hotel_Busan&adultCnt=2&checkIn=2023-08-01&checkOut=2023-08-02&includeTax=true
동부산온천호텔,7.7,https://search.pstatic.net/common/?src=https://media.datahc.com/HI601847943.jpg&type=f320_240_hotel,https://hotels.naver.com/item?hotelFileName=hotel%3ADongbusan_Spa_Hotel&adultCnt=2&checkIn=2023-08-01&checkOut=2023-08-02&includeTax=true
센트럴파크 호텔 부산,8.2,https://search.pstatic.net/common/?src=https://media.datahc.com/HI604349448.jpg&type=f320_240_hotel,https://hotels.naver.com/item?hotelFileName=hotel%3ACentral_Park_Hotel_Busan&adultCnt=2&checkIn=2023-08-01&checkOut=2023-08-02&includeTax=true
베스트 루이스 해밀턴 호텔 서부산점,8.1,https://search.pstatic.net/common/?src=https://media.datahc.com/HI761530972.jpg&type=f320_240_hotel,https://hotels.naver.com/item?hotelFileName=hotel%3ABest_Louis_Hamilton_Hotel_West_Busan&adultCnt=2&checkIn=2023-08-01&checkOut=2023-08-02&includeTax=true
개리 쿠퍼,6.5,https://search.pstatic.net/common/?src=https://media.datahc.com/HI517472645.jpg&type=f320_240_hotel,https://hotels.naver.com/item?hotelFileName=hotel%3AGary_Cooper_Motel&adultCnt=2&checkIn=2023-08-01&checkOut=2023-08-02&includeTax=true
콘트 호텔,8.5,https://search.pstatic.net/common/?src=https://media.datahc.com/HI619243741.jpg&type=f320_240_hotel,https://hotels.naver.com/item?hotelFileName=hotel%3AHotel_Cont&adultCnt=2&checkIn=2023-08-01&checkOut=2023-08-02&includeTax=true
브라운도트호텔 미남점,7.8,https://search.pstatic.net/common/?src=https://media.datahc.com/HI752222510.jpg&type=f320_240_hotel,https://hotels.naver.com/item?hotelFileName=hotel%3ABrown_Dot_Hotel_Minam&adultCnt=2&checkIn=2023-08-01&checkOut=2023-08-02&includeTax=true
미포 오션 사이드 호텔,8.9,https://search.pstatic.net/common/?src=https://media.datahc.com/HI594460893.jpg&type=f320_240_hotel,https://hotels.naver.com/item?hotelFileName=hotel%3AMipo_Oceanside_Hotel&adultCnt=2&checkIn=2023-08-01&checkOut=2023-08-02&includeTax=true
호텔티티 구포,8.9,https://search.pstatic.net/common/?src=https://media.datahc.com/HI789571497.jpg&type=f320_240_hotel,https://hotels.naver.com/item?hotelFileName=hotel%3AHotel_tt_Gupo&adultCnt=2&checkIn=2023-08-02&checkOut=2023-08-03&includeTax=true
엘리시아 부티크 호텔,7.1,https://search.pstatic.net/common/?src=https://media.datahc.com/HI588533547.jpg&type=f320_240_hotel,https://hotels.naver.com/item?hotelFileName=hotel%3AElysia_Boutique_Hotel&adultCnt=2&checkIn=2023-08-02&checkOut=2023-08-03&includeTax=true
노떼 라 미아 호텔,8.7,https://search.pstatic.net/common/?src=https://media.datahc.com/HI757637472.jpg&type=f320_240_hotel,https://hotels.naver.com/item?hotelFileName=hotel%3ANotte_La_Mia_Hotel&adultCnt=2&checkIn=2023-08-02&checkOut=2023-08-03&includeTax=true
호텔 홍단,8.6,https://search.pstatic.net/common/?src=https://media.datahc.com/HI799498238.jpg&type=f320_240_hotel,https://hotels.naver.com/item?hotelFileName=hotel%3AHotel_Hongdan&adultCnt=2&checkIn=2023-08-02&checkOut=2023-08-03&includeTax=true
소사이어티 호텔,8.2,https://search.pstatic.net/common/?src=https://media.datahc.com/HI563672780.jpg&type=f320_240_hotel,https://hotels.naver.com/item?hotelFileName=hotel%3AHotel_Society_Busan&adultCnt=2&checkIn=2023-08-03&checkOut=2023-08-04&includeTax=true
호시카게료칸 동부산,8.7,https://search.pstatic.net/common/?src=https://media.datahc.com/HI779246521.jpg&type=f320_240_hotel,https://hotels.naver.com/item?hotelFileName=hotel%3AHoshikage_Ryokan_Hotel&adultCnt=2&checkIn=2023-08-04&checkOut=2023-08-05&includeTax=true
유나 호텔,6.7,https://search.pstatic.net/common/?src=https://media.datahc.com/HI770702043.jpg&type=f320_240_hotel,https://hotels.naver.com/item?hotelFileName=hotel%3AYuna_Hotel&adultCnt=2&checkIn=2023-08-05&checkOut=2023-08-06&includeTax=true
에이치 에비뉴 호텔 서면역점,7.7,https://search.pstatic.net/common/?src=https://media.datahc.com/HI805545918.jpg&type=f320_240_hotel,https://hotels.naver.com/item?hotelFileName=hotel%3AH_Avenue_Hotel_Seomyeon_Station&adultCnt=2&checkIn=2023-08-05&checkOut=2023-08-06&includeTax=true
넘버25 호텔 서면1번가점,9.0,https://search.pstatic.net/common/?src=https://media.datahc.com/HI588589786.jpg&type=f320_240_hotel,https://hotels.naver.com/item?hotelFileName=hotel%3ANo_25_Hotel_Busan_Seomyeon&adultCnt=2&checkIn=2023-08-05&checkOut=2023-08-06&includeTax=true
부산 남포동 플래티넘 호텔,7.3,https://search.pstatic.net/common/?src=https://media.datahc.com/HI570598532.jpg&type=f320_240_hotel,https://hotels.naver.com/item?hotelFileName=hotel%3ABusan_Nampodong_Platinum_Hotel&adultCnt=2&checkIn=2023-08-05&checkOut=2023-08-06&includeTax=true
센텀프리미어호텔,8.1,https://search.pstatic.net/common/?src=https://media.datahc.com/HI506445969.jpg&type=f320_240_hotel,https://hotels.naver.com/item?hotelFileName=hotel%3ACentum_Premier_Hotel&adultCnt=2&checkIn=2023-08-06&checkOut=2023-08-07&includeTax=true
시타딘커넥트호텔 하리 부산,8.6,https://search.pstatic.net/common/?src=https://media.datahc.com/HI786903133.jpg&type=f320_240_hotel,https://hotels.naver.com/item?hotelFileName=hotel%3ACitadines_Connect_Hari_Busan&adultCnt=2&checkIn=2023-08-07&checkOut=2023-08-08&includeTax=true
폴에이 리조트,7.9,https://search.pstatic.net/common/?src=https://media.datahc.com/HI751778253.jpg&type=f320_240_hotel,https://hotels.naver.com/item?hotelFileName=hotel%3APol_A_Resort_Haeundae&adultCnt=2&checkIn=2023-08-07&checkOut=2023-08-08&includeTax=true
호텔 그레이 남포,8.8,https://search.pstatic.net/common/?src=https://media.datahc.com/HI384572963.jpg&type=f320_240_hotel,https://hotels.naver.com/item?hotelFileName=hotel%3AHotel_Gray_Nampo&adultCnt=2&checkIn=2023-08-12&checkOut=2023-08-13&includeTax=true
하운드 호텔 연산,8.6,https://search.pstatic.net/common/?src=https://media.datahc.com/HI549544599.jpg&type=f320_240_hotel,https://hotels.naver.com/item?hotelFileName=hotel%3AHound_Hotel_Yeonsan&adultCnt=2&checkIn=2023-08-12&checkOut=2023-08-13&includeTax=true
아몬드호텔,8.3,https://search.pstatic.net/common/?src=https://media.datahc.com/HI513387844.jpg&type=f320_240_hotel,https://hotels.naver.com/item?hotelFileName=hotel%3AAlmond_Hotel&adultCnt=2&checkIn=2023-08-12&checkOut=2023-08-13&includeTax=true
넘버25 호텔 초읍점,-1.0,https://search.pstatic.net/common/?src=https://media.datahc.com/HI557657883.jpg&type=f320_240_hotel,https://hotels.naver.com/item?hotelFileName=hotel%3ANumber_25_Choueup&adultCnt=2&checkIn=2023-08-12&checkOut=2023-08-13&includeTax=true
한화 리조트 해운대,8.0,https://search.pstatic.net/common/?src=https://media.datahc.com/HI605641881.jpg&type=f320_240_hotel,https://hotels.naver.com/item?hotelFileName=hotel%3AHanwhaResort_Haeundae&adultCnt=2&checkIn=2023-08-20&checkOut=2023-08-21&includeTax=true
호텔더그랑 광안,7.5,https://search.pstatic.net/common/?src=https://media.datahc.com/HI682543238.jpg&type=f320_240_hotel,https://hotels.naver.com/item?hotelFileName=hotel%3AHotel_The_Grang_Gwangan&adultCnt=2&checkIn=2023-08-26&checkOut=2023-08-27&includeTax=true
